file1,file2
inputfile/50A/21508887.cpp,inputfile/50A/142890373.cpp
inputfile/50A/21508887.cpp,inputfile/50A/45851050.cpp
inputfile/50A/21508887.cpp,inputfile/50A/138805414.cpp
inputfile/50A/21508887.cpp,inputfile/50A/30534178.cpp
inputfile/50A/36641065.cpp,inputfile/50A/142890373.cpp
inputfile/50A/36641065.cpp,inputfile/50A/45851050.cpp
inputfile/50A/36641065.cpp,inputfile/50A/138805414.cpp
inputfile/50A/36641065.cpp,inputfile/50A/30534178.cpp
inputfile/50A/142890373.cpp,inputfile/50A/164831265.cpp
inputfile/50A/142890373.cpp,inputfile/50A/45851050.cpp
inputfile/50A/142890373.cpp,inputfile/50A/21715601.cpp
inputfile/50A/142890373.cpp,inputfile/50A/29019948.cpp
inputfile/50A/142890373.cpp,inputfile/50A/33794240.cpp
inputfile/50A/142890373.cpp,inputfile/50A/31034693.cpp
inputfile/50A/142890373.cpp,inputfile/50A/21508898.cpp
inputfile/50A/164831265.cpp,inputfile/50A/45851050.cpp
inputfile/50A/164831265.cpp,inputfile/50A/138805414.cpp
inputfile/50A/164831265.cpp,inputfile/50A/30534178.cpp
inputfile/50A/45851050.cpp,inputfile/50A/21715601.cpp
inputfile/50A/45851050.cpp,inputfile/50A/29019948.cpp
inputfile/50A/45851050.cpp,inputfile/50A/33794240.cpp
inputfile/50A/45851050.cpp,inputfile/50A/31034693.cpp
inputfile/50A/45851050.cpp,inputfile/50A/138805414.cpp
inputfile/50A/45851050.cpp,inputfile/50A/21508898.cpp
inputfile/50A/45851050.cpp,inputfile/50A/30534178.cpp
inputfile/50A/21715601.cpp,inputfile/50A/138805414.cpp
inputfile/50A/21715601.cpp,inputfile/50A/30534178.cpp
inputfile/50A/29019948.cpp,inputfile/50A/138805414.cpp
inputfile/50A/29019948.cpp,inputfile/50A/30534178.cpp
inputfile/50A/33794240.cpp,inputfile/50A/138805414.cpp
inputfile/50A/33794240.cpp,inputfile/50A/30534178.cpp
inputfile/50A/31034693.cpp,inputfile/50A/138805414.cpp
inputfile/50A/31034693.cpp,inputfile/50A/30534178.cpp
inputfile/50A/138805414.cpp,inputfile/50A/21508898.cpp
inputfile/50A/21508898.cpp,inputfile/50A/30534178.cpp
inputfile/4A/173077807.cpp,inputfile/4A/48762087.cpp
inputfile/4A/173077807.cpp,inputfile/4A/101036360.cpp
inputfile/4A/173077807.cpp,inputfile/4A/117364748.cpp
inputfile/4A/173077807.cpp,inputfile/4A/127473352.cpp
inputfile/4A/173077807.cpp,inputfile/4A/134841308.cpp
inputfile/4A/84822639.cpp,inputfile/4A/48762087.cpp
inputfile/4A/84822639.cpp,inputfile/4A/101036360.cpp
inputfile/4A/84822639.cpp,inputfile/4A/117364748.cpp
inputfile/4A/84822639.cpp,inputfile/4A/127473352.cpp
inputfile/4A/84822639.cpp,inputfile/4A/134841308.cpp
inputfile/4A/84822638.cpp,inputfile/4A/48762087.cpp
inputfile/4A/84822638.cpp,inputfile/4A/101036360.cpp
inputfile/4A/84822638.cpp,inputfile/4A/117364748.cpp
inputfile/4A/84822638.cpp,inputfile/4A/127473352.cpp
inputfile/4A/84822638.cpp,inputfile/4A/134841308.cpp
inputfile/4A/48762087.cpp,inputfile/4A/101036360.cpp
inputfile/4A/48762087.cpp,inputfile/4A/117364748.cpp
inputfile/4A/48762087.cpp,inputfile/4A/127473352.cpp
inputfile/4A/48762087.cpp,inputfile/4A/134841308.cpp
inputfile/4A/101036360.cpp,inputfile/4A/117364748.cpp
inputfile/4A/101036360.cpp,inputfile/4A/127473352.cpp
inputfile/4A/101036360.cpp,inputfile/4A/134841308.cpp
inputfile/4A/117364748.cpp,inputfile/4A/127473352.cpp
inputfile/4A/117364748.cpp,inputfile/4A/134841308.cpp
